{"cameraMode":{"drawMode":0,"name":"Shaded","section":"Shading Mode"},"sceneLighting":false,"audioPlay":false,"sceneViewState":{"m_AlwaysRefresh":false,"showFog":true,"showSkybox":false,"showFlares":true,"showImageEffects":true,"showParticleSystems":true,"showVisualEffectGraphs":true,"m_FxEnabled":true},"in2DMode":false,"pivot":{"x":0.026512831449508668,"y":1.6287057399749756,"z":5.070000171661377},"rotation":{"x":0.01981840655207634,"y":-0.9586026668548584,"z":0.06946441531181336,"w":0.27492210268974306},"size":1.4079912900924683,"orthographic":false}